{
  "NumNodes": 50,
  "TotalEpochs": 200,
  "BlocksProduced": 483,
  "OverlayEnergy": 591.4410505312386,
  "PowEnergy": 1748.2569800592469
}